5,670106829,27/06/2020
1,349549806,16/09/2020
4,550637530,02/06/2020
7,500730912,14/08/2020
8,508411730,08/02/2020
8,684061209,18/04/2020
3,550637530,09/01/2020
6,726102618,06/01/2020
3,508411730,10/07/2020
6,431616711,21/03/2020
3,431616711,15/12/2020
1,215560387,24/12/2020
7,550637530,03/06/2020
8,810726820,25/02/2020
10,500730912,21/06/2020
3,500730912,06/05/2020
6,508411730,11/03/2020
9,451473854,14/04/2020
1,451473854,03/03/2020
2,799256246,10/04/2020
6,424482861,05/02/2020
5,670106829,23/03/2020
9,221471342,10/11/2020
2,508411730,06/05/2020
2,799256246,03/12/2020
10,726102618,07/02/2021
6,213897428,09/06/2020
10,684061209,16/04/2020
10,215560387,24/06/2020
6,482428737,16/10/2020
8,550637530,23/03/2021
4,215560387,31/05/2020
7,343729814,21/12/2020
7,321135388,13/02/2020
10,500730912,14/03/2021
1,242745040,16/12/2020
4,482428737,06/04/2020
4,500730912,21/11/2020
10,670106829,28/06/2020
4,221471342,19/09/2020
7,840832993,12/10/2020
5,213897428,23/08/2020
6,500730912,13/09/2020
4,431616711,17/02/2021
3,500730912,02/02/2020
10,215560387,11/08/2020
4,431616711,21/06/2020
6,221471342,15/01/2021
1,431616711,24/03/2021
4,670106829,13/09/2020